avg_requests,avg_errors,avg_error_rate,avg_latency_ms,avg_success_rate,system_state
157.35,4.433333333333334,0.026486148644015068,33.711553842122015,0.973513851355985,STABLE
